,CORD_ID,CANUTITO_ID,START_POS,END_POS,NOTES,CREATED_BY,CREATED_ON,CHANGED_BY,CHANGED_ON,CANUTITO_LENGTH,KHIPU_ID
0,3032503,1000000,68.0,71.0,,cbrezine,2006-06-28 23:18:55,,0000-00-00 00:00:00,3.0,0
1,3032504,1000001,70.0,73.0,,cbrezine,2006-06-28 23:20:11,cbrezine,2006-06-28 23:32:20,3.0,0
2,3032505,1000002,70.5,73.0,,cbrezine,2006-06-28 23:22:42,cbrezine,2006-06-28 23:32:50,2.5,0
3,3032506,1000003,72.0,75.0,,cbrezine,2006-06-28 23:24:05,cbrezine,2006-06-28 23:33:05,3.0,0
4,3032506,1000004,72.0,75.0,,cbrezine,2006-06-28 23:24:12,,0000-00-00 00:00:00,3.0,0
5,3032507,1000005,78.0,80.5,,cbrezine,2006-06-28 23:25:37,cbrezine,2006-06-28 23:33:19,2.5,0
6,3032510,1000006,74.0,76.5,,cbrezine,2006-06-28 23:29:02,cbrezine,2006-06-28 23:33:36,2.5,0
7,3032511,1000007,67.0,70.0,,cbrezine,2006-06-28 23:31:03,cbrezine,2006-06-28 23:33:48,3.0,0
8,3032512,1000008,73.0,76.0,,cbrezine,2006-06-28 23:35:27,cbrezine,2006-06-29 00:39:59,3.0,0
9,3032513,1000009,68.0,70.0,,cbrezine,2006-06-28 23:36:54,,0000-00-00 00:00:00,2.0,0
10,3032515,1000010,67.5,70.0,,cbrezine,2006-06-28 23:39:09,,0000-00-00 00:00:00,2.5,0
11,3032516,1000011,73.5,76.5,,cbrezine,2006-06-28 23:40:38,,0000-00-00 00:00:00,3.0,0
12,3032516,1000012,73.5,76.5,,cbrezine,2006-06-28 23:40:46,,0000-00-00 00:00:00,3.0,0
13,3032517,1000013,72.0,74.0,,cbrezine,2006-06-28 23:42:03,,0000-00-00 00:00:00,2.0,0
14,3032518,1000014,74.0,76.5,,cbrezine,2006-06-28 23:43:18,,0000-00-00 00:00:00,2.5,0
15,3032519,1000015,65.5,68.5,,cbrezine,2006-06-28 23:44:18,,0000-00-00 00:00:00,3.0,0
16,3032520,1000016,70.0,73.5,,cbrezine,2006-06-28 23:46:20,,0000-00-00 00:00:00,3.5,0
17,3032522,1000017,75.5,78.5,,cbrezine,2006-06-28 23:48:45,,0000-00-00 00:00:00,3.0,0
18,3032523,1000018,66.5,69.0,,cbrezine,2006-06-28 23:50:00,,0000-00-00 00:00:00,2.5,0
19,3032524,1000019,70.5,73.0,,cbrezine,2006-06-28 23:51:32,,0000-00-00 00:00:00,2.5,0
20,3032526,1000020,72.5,75.5,,cbrezine,2006-06-28 23:53:59,,0000-00-00 00:00:00,3.0,0
21,3032528,1000021,72.0,75.0,,cbrezine,2006-06-28 23:55:58,,0000-00-00 00:00:00,3.0,0
22,3032529,1000022,68.5,71.5,,cbrezine,2006-06-28 23:57:20,,0000-00-00 00:00:00,3.0,0
23,3032530,1000023,69.5,72.5,,cbrezine,2006-06-28 23:58:34,,0000-00-00 00:00:00,3.0,0
24,3032532,1000024,73.5,75.5,,cbrezine,2006-06-29 00:00:31,,0000-00-00 00:00:00,2.0,0
25,3032541,1000025,70.0,73.0,,cbrezine,2006-06-29 00:09:34,,0000-00-00 00:00:00,3.0,0
26,3032542,1000026,65.5,69.0,,cbrezine,2006-06-29 00:10:45,,0000-00-00 00:00:00,3.5,0
27,3032543,1000027,71.0,74.5,,cbrezine,2006-06-29 00:11:59,,0000-00-00 00:00:00,3.5,0
28,3032546,1000028,67.5,70.5,,cbrezine,2006-06-29 00:14:58,cbrezine,2006-06-29 00:41:35,3.0,0
29,3032547,1000029,68.0,71.5,,cbrezine,2006-06-29 00:15:52,cbrezine,2006-06-29 00:41:54,3.5,0
30,3032548,1000030,71.5,75.0,,cbrezine,2006-06-29 00:17:00,cbrezine,2006-06-29 00:42:32,3.5,0
31,3032549,1000031,70.0,73.5,,cbrezine,2006-06-29 00:18:21,cbrezine,2006-06-29 00:42:48,3.5,0
32,3032551,1000032,70.0,73.5,,cbrezine,2006-06-29 00:20:31,cbrezine,2006-06-29 00:43:09,3.5,0
33,3032551,1000033,70.0,73.5,,cbrezine,2006-06-29 00:20:38,,0000-00-00 00:00:00,3.5,0
34,3032552,1000034,71.0,74.0,,cbrezine,2006-06-29 00:21:56,cbrezine,2006-06-29 00:43:24,3.0,0
35,3032556,1000035,74.0,77.0,,cbrezine,2006-06-29 00:26:25,cbrezine,2006-06-29 00:43:45,3.0,0
36,3032557,1000036,68.0,71.0,,cbrezine,2006-06-29 00:27:30,cbrezine,2006-06-29 00:43:59,3.0,0
37,3032558,1000037,71.0,74.0,,cbrezine,2006-06-29 00:28:59,cbrezine,2006-06-29 00:44:11,3.0,0
38,3032559,1000038,70.0,73.0,,cbrezine,2006-06-29 00:30:13,cbrezine,2006-06-29 00:44:25,3.0,0
39,3032562,1000039,72.0,75.0,,cbrezine,2006-06-29 00:32:59,cbrezine,2006-06-29 00:44:46,3.0,0
40,3032564,1000040,75.0,78.5,,cbrezine,2006-06-29 00:34:59,cbrezine,2006-06-29 00:45:03,3.5,0
41,3032565,1000041,71.0,74.0,,cbrezine,2006-06-29 00:36:06,cbrezine,2006-06-29 00:45:13,3.0,0
42,3032568,1000042,70.5,74.0,,cbrezine,2006-06-29 00:47:01,cbrezine,2006-06-29 00:48:15,3.5,0
43,3032568,1000043,70.5,74.0,,cbrezine,2006-06-29 00:47:15,,0000-00-00 00:00:00,3.5,0
44,3032568,1000044,70.5,74.0,,cbrezine,2006-06-29 00:47:19,,0000-00-00 00:00:00,3.5,0
45,3032573,1000045,78.5,81.5,,cbrezine,2006-06-29 01:32:16,cbrezine,2006-06-29 01:38:27,3.0,0
46,3032573,1000046,78.5,81.5,,cbrezine,2006-06-29 01:32:26,,0000-00-00 00:00:00,3.0,0
47,3032573,1000047,78.5,81.5,,cbrezine,2006-06-29 01:32:29,,0000-00-00 00:00:00,3.0,0
48,3032573,1000048,78.5,81.5,,cbrezine,2006-06-29 01:33:41,,0000-00-00 00:00:00,3.0,0
49,3032575,1000049,68.0,71.0,,cbrezine,2006-06-29 01:36:11,cbrezine,2006-06-29 01:37:34,3.0,0
50,3032575,1000050,68.0,71.0,,cbrezine,2006-06-29 01:36:29,,0000-00-00 00:00:00,3.0,0
51,3032575,1000051,68.0,71.0,,cbrezine,2006-06-29 01:36:59,,0000-00-00 00:00:00,3.0,0
52,3032576,1000052,73.0,76.0,,cbrezine,2006-06-29 01:40:05,cbrezine,2006-06-29 20:35:21,3.0,0
53,3032577,1000053,69.0,72.5,,cbrezine,2006-06-29 20:36:28,,0000-00-00 00:00:00,3.5,0
54,3032582,1000054,76.0,79.0,,cbrezine,2006-06-29 20:42:57,,0000-00-00 00:00:00,3.0,0
55,3032587,1000055,68.5,72.0,,cbrezine,1970-02-05 09:31:42,,0000-00-00 00:00:00,3.5,0
56,3032607,1000056,70.5,73.5,,cbrezine,1970-02-10 07:47:04,,0000-00-00 00:00:00,3.0,0
57,3032607,1000057,70.5,73.5,,cbrezine,1970-02-10 07:48:23,,0000-00-00 00:00:00,3.0,0
58,3032607,1000058,70.5,73.5,,cbrezine,1970-02-10 07:48:31,,0000-00-00 00:00:00,3.0,0
59,3032608,1000059,73.0,75.0,,cbrezine,1970-02-10 07:50:39,,0000-00-00 00:00:00,2.0,0
60,3032610,1000060,68.5,71.5,,cbrezine,1970-02-10 07:53:31,,0000-00-00 00:00:00,3.0,0
61,3032611,1000061,69.0,72.5,,cbrezine,1970-02-10 08:02:11,,0000-00-00 00:00:00,3.5,0
62,3032612,1000062,76.5,78.5,,cbrezine,1970-02-10 08:03:31,,0000-00-00 00:00:00,2.0,0
63,3032612,1000063,76.5,78.5,,cbrezine,1970-02-10 08:03:34,,0000-00-00 00:00:00,2.0,0
64,3032613,1000064,71.0,74.0,,cbrezine,1970-02-10 08:05:16,,0000-00-00 00:00:00,3.0,0
65,3032617,1000065,68.5,71.0,,cbrezine,1970-02-10 08:11:10,,0000-00-00 00:00:00,2.5,0
66,3032618,1000066,69.0,71.5,,cbrezine,1970-02-10 08:12:32,,0000-00-00 00:00:00,2.5,0
67,3032621,1000067,74.0,76.0,,cbrezine,1970-02-10 08:15:48,,0000-00-00 00:00:00,2.0,0
68,3032622,1000068,65.0,69.0,,cbrezine,1970-02-10 08:16:47,,0000-00-00 00:00:00,4.0,0
69,3032623,1000069,71.0,74.5,,cbrezine,1970-02-10 08:18:30,,0000-00-00 00:00:00,3.5,0
70,3032625,1000070,73.5,76.0,,cbrezine,1970-02-10 08:20:39,,0000-00-00 00:00:00,2.5,0
71,3032626,1000071,73.0,76.5,,cbrezine,1970-02-10 08:22:11,,0000-00-00 00:00:00,3.5,0
72,3032626,1000072,73.0,76.5,,cbrezine,1970-02-10 08:22:14,,0000-00-00 00:00:00,3.5,0
73,3032626,1000073,73.0,76.5,,cbrezine,1970-02-10 08:22:27,,0000-00-00 00:00:00,3.5,0
74,3032627,1000074,78.5,82.0,,cbrezine,1970-02-12 04:01:32,,0000-00-00 00:00:00,3.5,0
75,3032629,1000075,70.5,73.5,,cbrezine,1970-02-12 04:05:05,,0000-00-00 00:00:00,3.0,0
76,3032630,1000076,65.5,68.5,,cbrezine,1970-02-12 04:06:49,,0000-00-00 00:00:00,3.0,0
77,3032631,1000077,70.5,73.0,,cbrezine,1970-02-12 06:48:18,,0000-00-00 00:00:00,2.5,0
78,3032632,1000078,70.0,72.0,,cbrezine,1970-02-12 06:50:35,,0000-00-00 00:00:00,2.0,0
79,3032634,1000079,68.0,71.0,,cbrezine,1970-02-12 06:52:49,,0000-00-00 00:00:00,3.0,0
80,3032635,1000080,74.5,76.5,,cbrezine,1970-02-12 06:54:01,,0000-00-00 00:00:00,2.0,0
81,3032636,1000081,71.0,74.0,,cbrezine,1970-02-12 06:55:18,,0000-00-00 00:00:00,3.0,0
82,3032639,1000082,73.0,76.0,,cbrezine,1970-02-12 06:59:07,,0000-00-00 00:00:00,3.0,0
83,3032641,1000083,76.0,79.0,,cbrezine,1970-02-12 07:01:03,,0000-00-00 00:00:00,3.0,0
84,3032642,1000084,78.0,81.0,,cbrezine,1970-02-12 07:02:14,,0000-00-00 00:00:00,3.0,0
85,3032644,1000085,69.0,71.5,,cbrezine,1970-02-12 07:04:40,cbrezine,1970-02-12 07:06:22,2.5,0
86,3032645,1000086,79.5,81.0,,cbrezine,1970-02-12 07:06:10,,0000-00-00 00:00:00,1.5,0
87,3032646,1000087,67.5,70.0,,cbrezine,1970-02-12 07:07:51,,0000-00-00 00:00:00,2.5,0
88,3032647,1000088,73.5,76.0,,cbrezine,1970-02-12 07:09:19,,0000-00-00 00:00:00,2.5,0
89,3032648,1000089,74.0,76.5,,cbrezine,1970-02-12 07:10:44,,0000-00-00 00:00:00,2.5,0
90,3032653,1000090,78.0,81.0,,cbrezine,1970-02-12 07:16:26,,0000-00-00 00:00:00,3.0,0
91,3032658,1000091,76.5,79.5,,cbrezine,1970-02-12 07:21:20,,0000-00-00 00:00:00,3.0,0
92,3032659,1000092,71.0,74.0,,cbrezine,1970-02-12 07:22:46,,0000-00-00 00:00:00,3.0,0
93,3032660,1000093,70.0,73.0,,cbrezine,1970-02-12 07:24:09,,0000-00-00 00:00:00,3.0,0
94,3032664,1000094,72.5,76.0,,cbrezine,1970-02-12 07:29:03,,0000-00-00 00:00:00,3.5,0
95,3032665,1000095,67.0,70.0,,cbrezine,1970-02-12 07:30:10,,0000-00-00 00:00:00,3.0,0
96,3032666,1000096,64.0,66.0,,cbrezine,1970-02-12 07:31:08,,0000-00-00 00:00:00,2.0,0
97,3033851,1000097,41.5,46.5,,eric,2007-03-16 16:44:34,eric,2007-03-27 14:52:00,5.0,0
98,3033852,1000098,45.5,51.5,,eric,2007-03-16 16:45:51,eric,2007-03-27 14:52:14,6.0,0
99,3033852,1000099,45.5,51.5,,eric,2007-03-16 16:45:55,,0000-00-00 00:00:00,6.0,0
100,3033853,1000100,48.5,54.5,,eric,2007-03-16 16:48:05,eric,2007-03-27 14:52:47,6.0,0
101,3033854,1000101,36.5,42.0,,eric,2007-03-16 16:49:14,eric,2007-03-27 14:52:56,5.5,0
102,3033855,1000102,36.5,41.5,,eric,2007-03-16 16:51:58,eric,2007-03-27 14:53:08,5.0,0
103,3033856,1000103,37.5,43.0,,eric,2007-03-16 16:55:28,eric,2007-03-27 14:53:16,5.5,0
104,3033857,1000104,40.0,45.5,,eric,2007-03-16 16:55:43,eric,2007-03-27 14:53:30,5.5,0
105,3033882,1000105,106.0,109.0,,cbrezine,2007-03-19 15:15:53,,0000-00-00 00:00:00,3.0,0
106,3033883,1000106,99.0,102.0,,eric,2007-03-20 12:39:15,,0000-00-00 00:00:00,3.0,0
107,3033884,1000107,89.0,93.0,,eric,2007-03-20 12:43:51,eric,2007-03-20 12:50:14,4.0,0
108,3033885,1000108,89.0,93.0,,eric,2007-03-20 12:49:54,eric,2007-03-23 14:38:01,4.0,0
109,3033886,1000109,105.0,107.5,,eric,2007-03-20 12:52:58,eric,2007-03-23 14:38:52,2.5,0
110,3033887,1000110,96.0,98.5,,eric,2007-03-20 12:55:21,eric,2007-03-23 14:38:25,2.5,0
111,3033888,1000111,94.0,96.5,,eric,2007-03-20 12:57:14,eric,2007-03-23 14:38:42,2.5,0
112,3033889,1000112,100.5,102.5,,eric,2007-03-20 12:59:29,eric,2007-03-23 14:39:10,2.0,0
113,3033890,1000113,105.0,108.0,,eric,2007-03-20 13:01:23,eric,2007-03-23 14:39:27,3.0,0
114,3033891,1000114,96.5,98.5,,eric,2007-03-20 13:03:06,eric,2007-03-23 14:39:38,2.0,0
115,3033893,1000115,99.5,103.0,,eric,2007-03-20 13:13:32,eric,2007-03-23 14:39:54,3.5,0
116,3033894,1000116,97.0,101.0,,eric,2007-03-20 13:15:39,eric,2007-03-23 14:40:08,4.0,0
117,3033895,1000117,89.0,92.5,,eric,2007-03-20 13:17:47,eric,2007-03-23 14:40:21,3.5,0
118,3033895,1000118,89.0,92.5,,eric,2007-03-20 13:17:55,,0000-00-00 00:00:00,3.5,0
119,3033896,1000119,99.0,102.0,,eric,2007-03-20 13:20:03,eric,2007-03-23 14:40:30,3.0,0
120,3033897,1000120,97.0,98.0,,eric,2007-03-20 13:21:46,eric,2007-03-23 14:40:43,1.0,0
121,3033898,1000121,107.0,109.0,,eric,2007-03-20 13:24:29,eric,2007-03-23 14:40:54,2.0,0
122,3033899,1000122,111.0,113.0,,eric,2007-03-20 13:26:43,eric,2007-03-23 14:41:03,2.0,0
123,3033900,1000123,93.5,95.5,,eric,2007-03-20 13:28:45,eric,2007-03-23 14:41:15,2.0,0
124,3033901,1000124,93.0,96.0,,eric,2007-03-20 13:30:34,eric,2007-03-23 14:42:01,3.0,0
125,3033902,1000125,93.0,97.0,,eric,2007-03-20 13:36:38,eric,2007-03-23 14:42:16,4.0,0
126,3033903,1000126,97.0,99.5,,eric,2007-03-20 13:39:00,eric,2007-03-23 14:42:43,2.5,0
127,3033904,1000127,82.0,85.0,,eric,2007-03-20 13:41:11,eric,2007-03-23 14:42:54,3.0,0
128,3033905,1000128,84.0,88.0,,eric,2007-03-20 13:43:17,,0000-00-00 00:00:00,4.0,0
129,3033906,1000129,89.0,92.0,,eric,2007-03-20 13:45:26,eric,2007-03-23 14:43:13,3.0,0
130,3033907,1000130,88.5,91.0,,eric,2007-03-20 13:50:24,eric,2007-03-23 14:43:28,2.5,0
131,3033908,1000131,107.5,112.0,,eric,2007-03-20 13:52:33,eric,2007-03-23 14:43:46,4.5,0
132,3033909,1000132,96.5,100.0,,eric,2007-03-20 13:54:36,eric,2007-03-23 14:43:58,3.5,0
133,3033910,1000133,98.0,99.0,,eric,2007-03-20 13:55:42,eric,2007-03-23 14:44:18,1.0,0
134,3033912,1000134,101.0,104.5,,eric,2007-03-20 13:58:29,eric,2007-03-23 14:44:32,3.5,0
135,3033913,1000135,103.0,107.0,,eric,2007-03-20 13:59:55,eric,2007-03-23 14:45:04,4.0,0
136,3033914,1000136,109.5,113.0,,eric,2007-03-20 14:01:07,eric,2007-03-23 14:45:16,3.5,0
137,3033915,1000137,102.0,105.5,,eric,2007-03-20 14:03:38,eric,2007-03-23 14:45:29,3.5,0
138,3033917,1000138,99.0,102.0,,eric,2007-03-20 14:06:22,eric,2007-03-23 14:45:52,3.0,0
139,3033920,1000139,95.5,97.0,,eric,2007-03-20 14:12:28,eric,2007-03-23 14:46:34,1.5,0
140,3033921,1000140,110.5,114.0,,eric,2007-03-20 14:13:43,eric,2007-03-23 14:46:44,3.5,0
141,3033922,1000141,107.5,110.5,,eric,2007-03-20 14:15:35,eric,2007-03-23 14:46:59,3.0,0
142,3033923,1000142,107.0,111.0,,eric,2007-03-20 14:17:15,eric,2007-03-23 14:47:06,4.0,0
143,3033924,1000143,98.5,101.5,,eric,2007-03-20 14:19:12,eric,2007-03-23 14:47:21,3.0,0
144,3033925,1000144,109.0,112.0,,eric,2007-03-20 14:20:45,eric,2007-03-23 14:47:31,3.0,0
145,3033926,1000145,98.5,100.5,,eric,2007-03-20 14:22:00,eric,2007-03-23 14:47:39,2.0,0
146,3033927,1000146,106.5,110.0,,eric,2007-03-20 14:23:16,eric,2007-03-23 14:47:52,3.5,0
147,3033928,1000147,95.0,98.0,,eric,2007-03-20 14:24:52,eric,2007-03-23 14:48:07,3.0,0
148,3033929,1000148,96.0,99.0,,eric,2007-03-20 14:32:05,eric,2007-03-23 14:48:18,3.0,0
149,3033930,1000149,101.5,104.5,,eric,2007-03-20 14:33:34,eric,2007-03-23 14:48:38,3.0,0
150,3033931,1000150,96.0,100.0,,eric,2007-03-20 14:35:10,eric,2007-03-23 14:48:54,4.0,0
151,3033932,1000151,88.0,90.5,,eric,2007-03-20 14:37:20,eric,2007-03-23 14:49:11,2.5,0
152,3033933,1000152,94.0,97.5,,eric,2007-03-20 14:39:05,eric,2007-03-23 14:49:21,3.5,0
153,3033934,1000153,88.0,90.5,,eric,2007-03-20 14:40:46,eric,2007-03-23 14:49:31,2.5,0
154,3033935,1000154,92.0,95.0,,eric,2007-03-20 14:42:14,eric,2007-03-23 14:49:43,3.0,0
155,3033936,1000155,89.5,94.0,,eric,2007-03-20 14:43:54,eric,2007-03-23 14:49:52,4.5,0
156,3033937,1000156,89.0,93.0,,eric,2007-03-20 14:45:21,eric,2007-03-23 14:50:02,4.0,0
157,3033938,1000157,89.0,92.0,,eric,2007-03-20 14:46:53,eric,2007-03-23 14:50:11,3.0,0
158,3033939,1000158,101.0,104.0,,eric,2007-03-20 14:48:17,eric,2007-03-23 14:50:22,3.0,0
159,3033940,1000159,90.0,93.5,,eric,2007-03-20 14:49:54,eric,2007-03-23 14:50:33,3.5,0
160,3033941,1000160,101.0,104.0,,eric,2007-03-20 14:51:16,eric,2007-03-23 14:51:23,3.0,0
161,3033941,1000161,101.0,104.0,,eric,2007-03-20 14:51:35,,0000-00-00 00:00:00,3.0,0
162,3033942,1000162,93.5,97.0,,eric,2007-03-20 14:53:15,eric,2007-03-23 14:51:29,3.5,0
163,3033943,1000163,103.0,107.0,,eric,2007-03-20 14:54:41,eric,2007-03-23 14:51:44,4.0,0
164,3033944,1000164,101.5,105.0,,eric,2007-03-22 13:15:40,eric,2007-03-23 14:52:05,3.5,0
165,3033945,1000165,110.0,113.0,,eric,2007-03-22 13:16:59,eric,2007-03-23 14:52:15,3.0,0
166,3033946,1000166,107.0,111.0,,eric,2007-03-22 13:18:06,eric,2007-03-23 14:52:29,4.0,0
167,3033947,1000167,101.0,104.0,,eric,2007-03-22 13:19:57,eric,2007-03-23 14:52:41,3.0,0
168,3033948,1000168,95.0,98.0,,eric,2007-03-22 13:21:06,eric,2007-03-23 14:52:52,3.0,0
169,3033949,1000169,107.0,111.0,,eric,2007-03-22 13:22:35,eric,2007-03-23 14:53:05,4.0,0
170,3033950,1000170,93.5,97.0,,eric,2007-03-22 13:24:02,eric,2007-03-23 14:53:15,3.5,0
171,3033951,1000171,96.0,98.5,,eric,2007-03-22 13:26:21,eric,2007-03-23 14:53:27,2.5,0
172,3033951,1000172,96.0,98.5,,eric,2007-03-22 13:26:29,,0000-00-00 00:00:00,2.5,0
173,3033952,1000173,109.0,112.0,,eric,2007-03-22 13:27:52,eric,2007-03-23 14:53:41,3.0,0
174,3033953,1000174,96.5,100.0,,eric,2007-03-22 13:29:06,eric,2007-03-23 14:53:53,3.5,0
175,3033954,1000175,106.5,108.0,,eric,2007-03-22 13:30:43,eric,2007-03-23 14:54:08,1.5,0
176,3033955,1000176,106.0,107.0,,eric,2007-03-22 13:32:11,eric,2007-03-23 14:54:20,1.0,0
177,3033956,1000177,109.0,113.0,,eric,2007-03-22 13:35:57,eric,2007-03-23 14:54:34,4.0,0
178,3033957,1000178,109.0,112.0,,eric,2007-03-22 13:37:19,eric,2007-03-23 14:54:43,3.0,0
179,3033958,1000179,106.5,110.0,,eric,2007-03-22 13:39:15,eric,2007-03-23 14:54:52,3.5,0
180,3033959,1000180,82.0,95.5,,eric,2007-03-22 13:42:02,eric,2007-03-23 14:55:05,13.5,0
181,3033960,1000181,99.5,103.5,,eric,2007-03-22 13:43:23,eric,2007-03-23 14:55:19,4.0,0
182,3033961,1000182,87.0,90.0,,eric,2007-03-22 13:45:07,eric,2007-03-23 14:55:28,3.0,0
183,3033962,1000183,98.5,102.0,,eric,2007-03-22 13:46:49,eric,2007-03-23 14:55:39,3.5,0
184,3033963,1000184,99.5,102.0,,eric,2007-03-22 13:48:20,eric,2007-03-23 14:55:49,2.5,0
185,3033964,1000185,90.0,93.5,,eric,2007-03-22 13:50:32,eric,2007-03-23 14:56:00,3.5,0
186,3033965,1000186,107.0,108.5,,eric,2007-03-22 13:51:47,eric,2007-03-23 14:56:09,1.5,0
187,3033966,1000187,101.5,104.5,,eric,2007-03-22 13:53:35,eric,2007-03-23 14:56:20,3.0,0
188,3033967,1000188,101.5,105.5,,eric,2007-03-22 13:55:06,eric,2007-03-23 14:56:28,4.0,0
189,3033968,1000189,103.0,107.5,,eric,2007-03-22 13:56:33,eric,2007-03-23 14:56:48,4.5,0
190,3033970,1000190,107.0,111.0,,eric,2007-03-22 13:59:21,eric,2007-03-23 14:57:27,4.0,0
191,3033971,1000191,103.0,107.5,,eric,2007-03-22 14:01:04,eric,2007-03-23 14:57:38,4.5,0
192,3033978,1000192,73.5,75.0,,eric,2007-03-22 14:09:50,eric,2007-03-23 14:58:06,1.5,0
193,3033979,1000193,68.0,69.0,,eric,2007-03-22 14:11:21,eric,2007-03-23 14:58:15,1.0,0
194,3033980,1000194,68.5,70.0,,eric,2007-03-22 14:13:04,eric,2007-03-23 14:58:33,1.5,0
195,3033981,1000195,67.5,69.0,,eric,2007-03-22 14:14:23,eric,2007-03-23 14:58:45,1.5,0
196,3033983,1000196,72.5,74.0,,eric,2007-03-22 14:17:11,eric,2007-03-23 14:59:06,1.5,0
197,3033984,1000197,73.0,74.0,,eric,2007-03-22 14:18:41,eric,2007-03-23 14:59:20,1.0,0
198,3033986,1000198,88.0,90.0,,eric,2007-03-22 14:21:37,eric,2007-03-23 14:59:35,2.0,0
199,3033987,1000199,87.5,89.0,,eric,2007-03-22 14:23:23,eric,2007-03-23 14:59:58,1.5,0
200,3033988,1000200,93.5,95.0,,eric,2007-03-22 14:24:47,eric,2007-03-23 15:00:08,1.5,0
201,3033989,1000201,85.5,87.5,,eric,2007-03-22 14:26:32,eric,2007-03-23 15:00:20,2.0,0
202,3033991,1000202,86.0,86.5,,eric,2007-03-22 14:29:36,eric,2007-03-23 15:00:34,0.5,0
203,3033992,1000203,104.0,106.0,,eric,2007-03-22 14:30:43,eric,2007-03-23 15:00:48,2.0,0
204,3033993,1000204,86.5,88.5,,eric,2007-03-22 14:32:20,eric,2007-03-23 15:00:57,2.0,0
205,3033994,1000205,111.0,112.0,,eric,2007-03-22 14:35:40,eric,2007-03-23 15:01:17,1.0,0
206,3033996,1000206,98.0,100.5,,eric,2007-03-22 14:37:51,eric,2007-03-23 15:01:33,2.5,0
207,3033997,1000207,93.0,95.0,,eric,2007-03-22 14:38:53,eric,2007-03-23 15:01:42,2.0,0
208,3033999,1000208,101.5,104.0,,eric,2007-03-22 14:41:52,eric,2007-03-23 15:01:57,2.5,0
209,3034001,1000209,80.5,81.5,,eric,2007-03-22 14:44:21,eric,2007-03-23 15:02:11,1.0,0
210,3034003,1000210,82.5,84.5,,eric,2007-03-22 14:47:32,eric,2007-03-23 15:02:24,2.0,0
211,3034004,1000211,98.0,100.0,,eric,2007-03-22 14:48:38,eric,2007-03-23 15:02:39,2.0,0
212,3034005,1000212,98.0,99.0,,eric,2007-03-22 14:49:42,eric,2007-03-23 15:02:46,1.0,0
213,3034006,1000213,76.5,78.5,,eric,2007-03-22 14:51:49,eric,2007-03-23 15:02:55,2.0,0
214,3034007,1000214,75.0,76.5,,eric,2007-03-22 14:53:42,eric,2007-03-23 15:03:05,1.5,0
215,3034009,1000215,71.5,73.0,,eric,2007-03-22 14:56:16,eric,2007-03-23 15:03:17,1.5,0
216,3034011,1000216,74.0,75.5,,eric,2007-03-22 14:57:31,eric,2007-03-23 15:03:40,1.5,0
217,3034010,1000217,94.0,96.0,,eric,2007-03-22 14:58:54,eric,2007-03-23 15:03:30,2.0,0
218,3034013,1000218,92.0,94.0,,eric,2007-03-22 15:05:22,eric,2007-03-23 15:04:00,2.0,0
219,3034014,1000219,93.0,94.0,,eric,2007-03-22 15:07:42,eric,2007-03-23 15:04:11,1.0,0
220,3034015,1000220,72.0,74.0,,eric,2007-03-22 15:09:50,eric,2007-03-23 15:04:20,2.0,0
221,3034016,1000221,65.0,67.0,,eric,2007-03-22 15:11:12,eric,2007-03-23 15:04:28,2.0,0
222,3034017,1000222,71.0,73.0,,eric,2007-03-22 15:12:25,eric,2007-03-23 15:04:36,2.0,0
223,3034019,1000223,67.0,68.0,,eric,2007-03-22 15:14:58,eric,2007-03-23 15:04:49,1.0,0
224,3034021,1000224,70.5,71.5,,eric,2007-03-22 15:17:45,eric,2007-03-23 15:05:02,1.0,0
225,3034022,1000225,99.5,100.5,,eric,2007-03-22 15:18:55,eric,2007-03-23 15:05:11,1.0,0
226,3034023,1000226,79.0,80.0,,eric,2007-03-22 15:20:20,eric,2007-03-23 15:05:24,1.0,0
227,3034012,1000227,93.5,95.5,,eric,2007-03-23 13:31:58,eric,2007-03-23 15:03:51,2.0,0
228,3034024,1000228,77.0,78.0,,eric,2007-03-23 13:34:05,eric,2007-03-23 15:05:42,1.0,0
229,3034025,1000229,98.5,99.5,,eric,2007-03-23 13:35:30,eric,2007-03-23 15:05:52,1.0,0
230,3034026,1000230,98.0,100.0,,eric,2007-03-23 13:36:20,eric,2007-03-23 15:06:06,2.0,0
231,3034028,1000231,74.5,75.5,,eric,2007-03-23 13:39:40,eric,2007-03-23 15:06:17,1.0,0
232,3034029,1000232,75.0,76.0,,eric,2007-03-23 13:40:54,eric,2007-03-23 15:06:26,1.0,0
233,3034032,1000233,81.0,83.0,,eric,2007-03-23 13:55:43,eric,2007-03-23 15:07:00,2.0,0
234,3034033,1000234,80.5,82.5,,eric,2007-03-23 13:57:13,eric,2007-03-23 15:07:08,2.0,0
235,3034035,1000235,76.0,77.0,,eric,2007-03-23 13:59:39,eric,2007-03-23 15:07:23,1.0,0
236,3034036,1000236,76.0,78.0,,eric,2007-03-23 14:01:06,eric,2007-03-23 15:07:30,2.0,0
237,3034037,1000237,86.5,89.0,,eric,2007-03-23 14:02:12,eric,2007-03-23 15:07:40,2.5,0
238,3034038,1000238,54.0,56.0,,eric,2007-03-23 14:03:47,eric,2007-03-23 15:07:53,2.0,0
239,3034039,1000239,53.0,55.0,,eric,2007-03-23 14:04:43,eric,2007-03-23 15:08:02,2.0,0
240,3034040,1000240,59.5,61.5,,eric,2007-03-23 14:05:47,eric,2007-03-23 15:08:13,2.0,0
241,3034044,1000241,98.5,102.0,,eric,2007-03-23 14:10:39,eric,2007-03-23 15:08:27,3.5,0
242,3034045,1000242,100.0,103.0,,eric,2007-03-23 14:11:39,eric,2007-03-23 15:08:39,3.0,0
243,3034046,1000243,85.5,87.0,,eric,2007-03-23 14:13:15,eric,2007-03-23 15:08:47,1.5,0
244,3034048,1000244,56.5,57.5,,eric,2007-03-23 14:15:40,eric,2007-03-23 14:18:00,1.0,0
245,3034049,1000245,108.0,110.0,,eric,2007-03-23 14:17:26,,0000-00-00 00:00:00,2.0,0
246,3034049,1000246,108.0,110.0,,eric,2007-03-23 14:17:38,,0000-00-00 00:00:00,2.0,0
247,3034050,1000247,108.5,113.0,,eric,2007-03-23 14:19:40,,0000-00-00 00:00:00,4.5,0
248,3034052,1000248,99.0,101.0,,eric,2007-03-23 14:22:06,,0000-00-00 00:00:00,2.0,0
249,3034053,1000249,96.0,101.0,,eric,2007-03-23 14:23:10,,0000-00-00 00:00:00,5.0,0
250,3034054,1000250,101.0,104.0,,eric,2007-03-23 14:24:24,,0000-00-00 00:00:00,3.0,0
251,3034055,1000251,102.0,105.0,,eric,2007-03-23 14:26:41,,0000-00-00 00:00:00,3.0,0
252,3034056,1000252,103.5,107.0,,eric,2007-03-23 14:27:49,,0000-00-00 00:00:00,3.5,0
253,3034057,1000253,101.5,106.0,,eric,2007-03-23 14:29:00,,0000-00-00 00:00:00,4.5,0
254,3034058,1000254,107.0,109.0,,eric,2007-03-23 14:30:24,,0000-00-00 00:00:00,2.0,0
255,3034059,1000255,107.5,111.5,,eric,2007-03-23 14:31:43,,0000-00-00 00:00:00,4.0,0
256,3034060,1000256,107.0,111.0,,eric,2007-03-23 14:33:15,,0000-00-00 00:00:00,4.0,0
257,3034061,1000257,106.5,109.5,,eric,2007-03-23 14:34:39,,0000-00-00 00:00:00,3.0,0
258,3033969,1000258,108.0,111.5,,eric,2007-03-23 14:57:19,,0000-00-00 00:00:00,3.5,0
259,3034030,1000259,71.5,73.5,,eric,2007-03-23 15:06:48,,0000-00-00 00:00:00,2.0,0
260,3034068,1000260,40.0,40.5,,eric,2007-03-26 14:32:25,,0000-00-00 00:00:00,0.0,0
261,3033858,1000261,34.0,39.5,,eric,2007-03-27 14:20:14,,0000-00-00 00:00:00,5.5,0
262,3033859,1000262,32.0,37.5,,eric,2007-03-27 14:21:51,,0000-00-00 00:00:00,5.5,0
263,3033861,1000263,37.5,43.0,,eric,2007-03-27 14:24:08,,0000-00-00 00:00:00,5.5,0
264,3033862,1000264,35.0,41.0,,eric,2007-03-27 14:25:21,,0000-00-00 00:00:00,6.0,0
265,3033863,1000265,37.0,43.5,,eric,2007-03-27 14:26:59,,0000-00-00 00:00:00,6.5,0
266,3033864,1000266,34.5,40.5,,eric,2007-03-27 14:27:50,,0000-00-00 00:00:00,6.0,0
267,3033865,1000267,34.0,40.0,,eric,2007-03-27 14:28:48,,0000-00-00 00:00:00,6.0,0
268,3033866,1000268,34.0,40.5,,eric,2007-03-27 14:30:05,,0000-00-00 00:00:00,6.5,0
269,3033867,1000269,34.5,40.5,,eric,2007-03-27 14:33:00,,0000-00-00 00:00:00,6.0,0
270,3033868,1000270,31.0,37.5,,eric,2007-03-27 14:34:12,,0000-00-00 00:00:00,6.5,0
271,3033869,1000271,34.5,41.0,,eric,2007-03-27 14:35:06,,0000-00-00 00:00:00,6.5,0
272,3033870,1000272,40.5,47.0,,eric,2007-03-27 14:36:00,,0000-00-00 00:00:00,6.5,0
273,3033871,1000273,43.0,49.0,,eric,2007-03-27 14:36:46,,0000-00-00 00:00:00,6.0,0
274,3033872,1000274,31.5,37.5,,eric,2007-03-27 14:37:38,,0000-00-00 00:00:00,6.0,0
275,3033873,1000275,32.5,39.5,,eric,2007-03-27 14:38:30,,0000-00-00 00:00:00,7.0,0
276,3034402,1000276,9.0,11.5,,eric,2007-04-04 14:17:47,,0000-00-00 00:00:00,2.5,0
277,3034403,1000277,20.0,44.0,,eric,2007-04-04 14:22:23,,0000-00-00 00:00:00,24.0,0
278,3034404,1000278,10.5,13.5,,eric,2007-04-04 14:24:02,,0000-00-00 00:00:00,3.0,0
279,3034405,1000279,17.0,19.5,,eric,2007-04-04 14:24:49,,0000-00-00 00:00:00,2.5,0
280,3034406,1000280,11.5,13.0,,eric,2007-04-04 14:25:42,,0000-00-00 00:00:00,1.5,0
281,3034408,1000281,16.5,19.0,,eric,2007-04-04 14:27:28,,0000-00-00 00:00:00,2.5,0
282,3034409,1000282,35.5,38.0,,eric,2007-04-04 14:31:02,,0000-00-00 00:00:00,2.5,0
283,3034410,1000283,23.0,26.0,,eric,2007-04-04 14:32:03,,0000-00-00 00:00:00,3.0,0
284,3034411,1000284,32.5,34.0,,eric,2007-04-04 14:33:07,,0000-00-00 00:00:00,1.5,0
285,3034412,1000285,22.0,29.0,,eric,2007-04-04 14:33:57,,0000-00-00 00:00:00,7.0,0
286,3034413,1000286,11.5,14.0,,eric,2007-04-04 14:34:52,,0000-00-00 00:00:00,2.5,0
287,3034446,1000287,37.0,40.0,,eric,2007-04-05 14:19:21,,0000-00-00 00:00:00,3.0,0
288,3034491,1000288,28.0,30.0,,eric,2007-04-05 15:22:33,,0000-00-00 00:00:00,2.0,0
289,3034492,1000289,28.0,31.0,,eric,2007-04-05 15:23:32,,0000-00-00 00:00:00,3.0,0
290,3034493,1000290,28.0,30.5,,eric,2007-04-05 15:24:20,,0000-00-00 00:00:00,2.5,0
291,3034494,1000291,26.5,27.5,,eric,2007-04-05 15:25:20,,0000-00-00 00:00:00,1.0,0
292,3034500,1000292,39.0,41.5,,eric,2007-04-05 15:30:42,,0000-00-00 00:00:00,2.5,0
293,3034503,1000293,42.5,45.0,,eric,2007-04-05 15:33:33,,0000-00-00 00:00:00,2.5,0
294,3034504,1000294,41.5,44.0,,eric,2007-04-05 15:34:20,,0000-00-00 00:00:00,2.5,0
295,3034508,1000295,42.0,46.5,,eric,2007-04-05 15:38:00,,0000-00-00 00:00:00,4.5,0
296,3034509,1000296,49.5,52.0,,eric,2007-04-05 15:39:17,,0000-00-00 00:00:00,2.5,0
297,3034511,1000297,47.5,50.5,,eric,2007-04-05 15:41:09,,0000-00-00 00:00:00,3.0,0
298,3034512,1000298,41.5,43.0,,eric,2007-04-05 15:42:12,,0000-00-00 00:00:00,1.5,0
299,3034513,1000299,45.0,47.5,,eric,2007-04-05 15:43:41,,0000-00-00 00:00:00,2.5,0
300,3034515,1000300,31.5,34.0,,eric,2007-04-05 15:45:35,,0000-00-00 00:00:00,2.5,0
301,3034516,1000301,40.0,43.0,,eric,2007-04-05 15:46:33,,0000-00-00 00:00:00,3.0,0
302,3034517,1000302,35.0,38.0,,eric,2007-04-05 15:47:37,,0000-00-00 00:00:00,3.0,0
303,3034518,1000303,43.5,47.5,,eric,2007-04-05 15:48:20,,0000-00-00 00:00:00,4.0,0
304,3034519,1000304,40.0,43.0,,eric,2007-04-05 15:49:16,,0000-00-00 00:00:00,3.0,0
305,3034520,1000305,39.5,42.0,,eric,2007-04-05 15:50:13,,0000-00-00 00:00:00,2.5,0
306,3034521,1000306,42.0,44.5,,eric,2007-04-05 15:51:07,,0000-00-00 00:00:00,2.5,0
307,3034522,1000307,40.5,43.0,,eric,2007-04-05 15:52:12,,0000-00-00 00:00:00,2.5,0
308,3034523,1000308,36.0,37.5,,eric,2007-04-05 15:53:08,,0000-00-00 00:00:00,1.5,0
309,3034524,1000309,38.5,40.0,,eric,2007-04-05 15:54:44,,0000-00-00 00:00:00,1.5,0
310,3034525,1000310,37.0,38.5,,eric,2007-04-05 15:55:46,,0000-00-00 00:00:00,1.5,0
311,3034526,1000311,39.5,41.0,,eric,2007-04-05 15:56:40,,0000-00-00 00:00:00,1.5,0
312,3034527,1000312,44.0,46.0,,eric,2007-04-05 16:07:10,,0000-00-00 00:00:00,2.0,0
313,3034528,1000313,40.0,41.0,,eric,2007-04-05 16:08:09,,0000-00-00 00:00:00,1.0,0
314,3034529,1000314,49.5,51.0,,eric,2007-04-05 16:08:59,,0000-00-00 00:00:00,1.5,0
315,3034535,1000315,40.5,42.0,,eric,2007-04-05 16:13:50,,0000-00-00 00:00:00,1.5,0
316,3034536,1000316,40.5,42.0,,eric,2007-04-05 16:14:39,,0000-00-00 00:00:00,1.5,0
317,3034537,1000317,43.5,46.0,,eric,2007-04-05 16:15:39,,0000-00-00 00:00:00,2.5,0
318,3034538,1000318,49.5,50.5,,eric,2007-04-05 16:16:42,,0000-00-00 00:00:00,1.0,0
319,3034539,1000319,35.0,36.5,,eric,2007-04-05 16:22:28,,0000-00-00 00:00:00,1.5,0
320,3034540,1000320,41.0,42.0,,eric,2007-04-05 16:23:42,eric,2007-04-05 16:24:23,1.0,0
321,3034541,1000321,39.0,41.5,,eric,2007-04-05 16:26:00,,0000-00-00 00:00:00,2.5,0
322,3034542,1000322,40.0,41.5,,eric,2007-04-05 16:27:15,,0000-00-00 00:00:00,1.5,0
323,3034543,1000323,41.0,42.5,,eric,2007-04-05 16:28:38,,0000-00-00 00:00:00,1.5,0
324,3034544,1000324,46.0,48.5,,eric,2007-04-05 16:29:38,,0000-00-00 00:00:00,2.5,0
325,3034545,1000325,37.5,39.0,,eric,2007-04-05 16:30:55,,0000-00-00 00:00:00,1.5,0
326,3034546,1000326,43.0,45.0,,eric,2007-04-05 16:31:53,,0000-00-00 00:00:00,2.0,0
327,3034547,1000327,48.5,50.0,,eric,2007-04-05 16:32:55,,0000-00-00 00:00:00,1.5,0
328,3034548,1000328,27.0,31.0,,eric,2007-04-05 16:33:49,,0000-00-00 00:00:00,4.0,0
329,3034549,1000329,32.5,39.0,,eric,2007-04-05 16:34:40,,0000-00-00 00:00:00,6.5,0
330,3034550,1000330,34.5,36.5,,eric,2007-04-05 16:35:53,,0000-00-00 00:00:00,2.0,0
331,3034551,1000331,42.5,44.0,,eric,2007-04-05 16:36:58,,0000-00-00 00:00:00,1.5,0
332,3034553,1000332,40.5,42.0,,eric,2007-04-05 16:38:55,,0000-00-00 00:00:00,1.5,0
333,3034554,1000333,44.5,46.5,,eric,2007-04-05 16:39:51,,0000-00-00 00:00:00,2.0,0
334,3034555,1000334,27.0,29.0,,eric,2007-04-05 16:40:50,,0000-00-00 00:00:00,2.0,0
335,3034556,1000335,26.5,28.5,,eric,2007-04-05 16:41:55,,0000-00-00 00:00:00,2.0,0
336,3034557,1000336,32.5,34.5,,eric,2007-04-05 16:42:50,,0000-00-00 00:00:00,2.0,0
337,3034558,1000337,27.5,29.0,,eric,2007-04-05 16:44:38,,0000-00-00 00:00:00,1.5,0
338,3034559,1000338,36.0,38.0,,eric,2007-04-05 16:45:31,,0000-00-00 00:00:00,2.0,0
339,3034560,1000339,37.0,39.5,,eric,2007-04-05 16:47:09,,0000-00-00 00:00:00,2.5,0
340,3034561,1000340,28.5,30.0,,eric,2007-04-05 16:47:59,,0000-00-00 00:00:00,1.5,0
341,3034562,1000341,27.0,29.5,,eric,2007-04-05 16:48:53,,0000-00-00 00:00:00,2.5,0
342,3034563,1000342,39.5,41.5,,eric,2007-04-05 16:49:48,,0000-00-00 00:00:00,2.0,0
343,3034564,1000343,49.0,50.5,,eric,2007-04-05 16:50:49,,0000-00-00 00:00:00,1.5,0
344,3034565,1000344,35.0,37.0,,eric,2007-04-05 16:54:11,,0000-00-00 00:00:00,2.0,0
345,3034566,1000345,33.5,35.0,,eric,2007-04-05 16:55:04,,0000-00-00 00:00:00,1.5,0
346,3034682,1000346,95.5,97.0,,eric,2007-04-10 15:23:28,,0000-00-00 00:00:00,1.5,0
347,3034689,1000347,104.0,105.0,,eric,2007-04-10 15:39:43,,0000-00-00 00:00:00,1.0,0
348,3034690,1000348,87.5,88.5,,eric,2007-04-10 15:41:25,,0000-00-00 00:00:00,1.0,0
349,3034691,1000349,89.5,90.0,,eric,2007-04-10 15:43:22,,0000-00-00 00:00:00,0.5,0
350,3034694,1000350,95.5,96.5,,eric,2007-04-10 15:47:47,,0000-00-00 00:00:00,1.0,0
351,3034695,1000351,81.5,83.0,,eric,2007-04-10 15:49:15,,0000-00-00 00:00:00,1.5,0
352,3034697,1000352,103.5,104.5,,eric,2007-04-10 15:52:13,,0000-00-00 00:00:00,1.0,0
353,3034698,1000353,99.5,100.0,,eric,2007-04-10 15:54:04,,0000-00-00 00:00:00,0.5,0
354,3034702,1000354,102.0,102.5,,eric,2007-04-10 16:00:42,,0000-00-00 00:00:00,0.5,0
355,3034707,1000355,98.5,99.5,,eric,2007-04-10 16:08:48,,0000-00-00 00:00:00,1.0,0
356,3034708,1000356,97.0,98.5,,eric,2007-04-10 16:10:34,,0000-00-00 00:00:00,1.5,0
357,3034710,1000357,96.5,97.5,,eric,2007-04-10 16:14:57,,0000-00-00 00:00:00,1.0,0
358,3034712,1000358,99.5,100.5,,eric,2007-04-10 16:17:58,,0000-00-00 00:00:00,1.0,0
359,3034713,1000359,93.5,94.0,,eric,2007-04-10 16:19:22,,0000-00-00 00:00:00,0.5,0
360,3034714,1000360,88.5,89.5,,eric,2007-04-10 16:20:37,,0000-00-00 00:00:00,1.0,0
361,3034719,1000361,77.5,79.0,,eric,2007-04-10 16:29:33,,0000-00-00 00:00:00,1.5,0
362,3034718,1000362,79.0,80.0,,eric,2007-04-10 16:29:47,,0000-00-00 00:00:00,1.0,0
363,3034720,1000363,84.5,85.5,,eric,2007-04-10 16:30:54,,0000-00-00 00:00:00,1.0,0
364,3034721,1000364,84.5,86.0,,eric,2007-04-10 16:32:21,,0000-00-00 00:00:00,1.5,0
365,3034722,1000365,98.0,99.0,,eric,2007-04-10 16:33:17,,0000-00-00 00:00:00,1.0,0
366,3034727,1000366,106.5,107.5,,eric,2007-04-10 16:41:56,,0000-00-00 00:00:00,1.0,0
367,3034728,1000367,94.0,96.0,,eric,2007-04-10 16:43:18,,0000-00-00 00:00:00,2.0,0
368,3034729,1000368,98.5,99.5,,eric,2007-04-10 16:44:56,,0000-00-00 00:00:00,1.0,0
369,3034729,1000369,98.5,99.5,,eric,2007-04-10 16:45:07,,0000-00-00 00:00:00,1.0,0
370,3034730,1000370,77.0,78.5,,eric,2007-04-10 16:46:32,,0000-00-00 00:00:00,1.5,0
371,3034732,1000371,98.5,100.0,,eric,2007-04-10 16:49:16,,0000-00-00 00:00:00,1.5,0
372,3034736,1000372,85.0,87.0,,eric,2007-04-12 13:27:54,,0000-00-00 00:00:00,2.0,0
373,3034737,1000373,94.0,95.0,,eric,2007-04-12 13:29:25,,0000-00-00 00:00:00,1.0,0
374,3034738,1000374,96.0,97.5,,eric,2007-04-12 13:46:47,,0000-00-00 00:00:00,1.5,0
375,3034741,1000375,111.0,112.5,,cbrezine,2007-04-13 17:26:10,,0000-00-00 00:00:00,1.5,0
376,3034739,1000376,96.0,97.5,,eric,2007-04-26 14:41:09,,0000-00-00 00:00:00,1.5,0
377,3034742,1000377,111.0,112.0,,eric,2007-04-26 14:43:44,,0000-00-00 00:00:00,1.0,0
378,3034744,1000378,111.5,112.5,,eric,2007-04-26 14:47:22,,0000-00-00 00:00:00,1.0,0
379,3034746,1000379,109.5,111.0,,eric,2007-04-26 14:50:26,,0000-00-00 00:00:00,1.5,0
380,3034747,1000380,111.0,112.0,,eric,2007-04-26 14:51:40,,0000-00-00 00:00:00,1.0,0
381,3034748,1000381,111.0,112.0,,eric,2007-04-26 14:53:20,,0000-00-00 00:00:00,1.0,0
382,3034749,1000382,111.5,112.5,,eric,2007-04-26 14:54:49,,0000-00-00 00:00:00,1.0,0
383,3034750,1000383,105.0,106.0,,eric,2007-04-26 14:56:27,,0000-00-00 00:00:00,1.0,0
384,3034752,1000384,118.0,120.0,,eric,2007-04-26 15:08:16,,0000-00-00 00:00:00,2.0,0
385,3034756,1000385,109.5,110.5,,eric,2007-04-26 15:13:01,,0000-00-00 00:00:00,1.0,0
386,3034758,1000386,109.5,110.5,,eric,2007-04-26 15:15:44,,0000-00-00 00:00:00,1.0,0
387,3034759,1000387,109.5,110.5,,eric,2007-04-26 15:16:47,,0000-00-00 00:00:00,1.0,0
388,3034760,1000388,109.5,111.0,,eric,2007-04-26 15:18:20,,0000-00-00 00:00:00,1.5,0
389,3034761,1000389,109.0,110.0,,eric,2007-04-26 15:19:45,,0000-00-00 00:00:00,1.0,0
390,3034762,1000390,110.0,110.5,,eric,2007-04-26 15:21:19,,0000-00-00 00:00:00,0.5,0
391,3034763,1000391,109.5,110.5,,eric,2007-04-26 15:22:40,,0000-00-00 00:00:00,1.0,0
392,3034764,1000392,112.5,114.0,,eric,2007-04-26 15:23:43,,0000-00-00 00:00:00,1.5,0
393,3034765,1000393,112.5,113.5,,eric,2007-04-26 15:25:01,,0000-00-00 00:00:00,1.0,0
394,3034766,1000394,110.0,111.0,,eric,2007-04-26 15:26:09,,0000-00-00 00:00:00,1.0,0
395,3034768,1000395,109.5,110.5,,eric,2007-04-26 15:28:34,,0000-00-00 00:00:00,1.0,0
396,3034769,1000396,108.5,109.5,,eric,2007-04-26 15:29:37,,0000-00-00 00:00:00,1.0,0
397,3034770,1000397,108.5,109.5,,eric,2007-04-26 15:30:45,,0000-00-00 00:00:00,1.0,0
398,3034771,1000398,109.5,111.0,,eric,2007-04-26 15:32:11,,0000-00-00 00:00:00,1.5,0
399,3034774,1000399,104.0,104.5,,eric,2007-04-26 15:35:53,,0000-00-00 00:00:00,0.5,0
400,3034776,1000400,102.0,103.5,,eric,2007-04-26 15:37:44,,0000-00-00 00:00:00,1.5,0
401,3034777,1000401,97.0,99.0,,eric,2007-04-26 15:39:21,,0000-00-00 00:00:00,2.0,0
402,3034778,1000402,109.5,110.5,,eric,2007-04-26 15:40:34,,0000-00-00 00:00:00,1.0,0
403,3034779,1000403,111.0,112.5,,eric,2007-04-26 15:41:43,,0000-00-00 00:00:00,1.5,0
404,3036481,1000404,37.0,42.0,,eric,2007-06-04 20:40:23,,0000-00-00 00:00:00,5.0,0
405,3036482,1000405,37.5,42.5,,eric,2007-06-04 20:40:24,,0000-00-00 00:00:00,5.0,0
406,3036483,1000406,31.5,36.0,,eric,2007-06-04 20:40:26,,0000-00-00 00:00:00,4.5,0
407,3036484,1000407,32.0,36.5,,eric,2007-06-04 20:40:28,,0000-00-00 00:00:00,4.5,0
408,3036485,1000408,38.0,42.5,,eric,2007-06-04 20:40:29,,0000-00-00 00:00:00,4.5,0
409,3036486,1000409,32.5,37.0,,eric,2007-06-04 20:40:31,,0000-00-00 00:00:00,4.5,0
410,3036487,1000410,37.5,42.0,,eric,2007-06-04 20:40:32,,0000-00-00 00:00:00,4.5,0
411,3036488,1000411,35.5,40.0,,eric,2007-06-04 20:40:34,,0000-00-00 00:00:00,4.5,0
412,3036491,1000412,36.0,42.0,,eric,2007-06-04 20:40:41,,0000-00-00 00:00:00,6.0,0
413,3036492,1000413,41.0,47.0,,eric,2007-06-04 20:40:43,,0000-00-00 00:00:00,6.0,0
414,3036493,1000414,37.5,43.0,,eric,2007-06-04 20:40:44,,0000-00-00 00:00:00,5.5,0
415,3036494,1000415,38.5,44.5,,eric,2007-06-04 20:40:46,,0000-00-00 00:00:00,6.0,0
416,3036495,1000416,37.0,42.0,,eric,2007-06-04 20:40:48,,0000-00-00 00:00:00,5.0,0
417,3036496,1000417,45.0,50.5,,eric,2007-06-04 20:40:49,,0000-00-00 00:00:00,5.5,0
418,3036496,1000418,45.0,50.5,,eric,2007-06-04 20:40:49,,0000-00-00 00:00:00,5.5,0
419,3036497,1000419,42.0,47.5,,eric,2007-06-04 20:40:51,,0000-00-00 00:00:00,5.5,0
420,3036498,1000420,38.0,46.5,,eric,2007-06-04 20:40:52,,0000-00-00 00:00:00,8.5,0
421,3036499,1000421,38.5,46.0,,eric,2007-06-04 20:40:54,,0000-00-00 00:00:00,7.5,0
422,3036500,1000422,39.5,45.5,,eric,2007-06-04 20:40:56,,0000-00-00 00:00:00,6.0,0
423,3036509,1000423,37.5,42.5,,eric,2007-06-04 20:41:15,,0000-00-00 00:00:00,5.0,0
424,3036509,1000424,37.5,42.5,,eric,2007-06-04 20:41:15,,0000-00-00 00:00:00,5.0,0
425,3036510,1000425,38.0,43.0,,eric,2007-06-04 20:41:16,,0000-00-00 00:00:00,5.0,0
426,3036510,1000426,38.0,43.0,,eric,2007-06-04 20:41:16,,0000-00-00 00:00:00,5.0,0
427,3036511,1000427,39.0,43.0,,eric,2007-06-04 20:41:17,,0000-00-00 00:00:00,4.0,0
428,3036512,1000428,36.5,41.5,,eric,2007-06-04 20:41:18,,0000-00-00 00:00:00,5.0,0
429,3036513,1000429,39.5,44.5,,eric,2007-06-04 20:41:18,,0000-00-00 00:00:00,5.0,0
430,3036514,1000430,47.5,55.0,,eric,2007-06-04 20:41:19,,0000-00-00 00:00:00,7.5,0
431,3036515,1000431,35.5,40.5,,eric,2007-06-04 20:41:20,,0000-00-00 00:00:00,5.0,0
432,3036515,1000432,35.5,40.5,,eric,2007-06-04 20:41:20,,0000-00-00 00:00:00,5.0,0
433,3036516,1000433,42.5,51.0,,eric,2007-06-04 20:41:20,,0000-00-00 00:00:00,8.5,0
434,3036517,1000434,31.0,36.0,,eric,2007-06-04 20:41:21,,0000-00-00 00:00:00,5.0,0
435,3036518,1000435,37.5,42.5,,eric,2007-06-04 20:41:22,,0000-00-00 00:00:00,5.0,0
436,3036519,1000436,37.5,42.5,,eric,2007-06-04 20:41:23,,0000-00-00 00:00:00,5.0,0
437,3036520,1000437,34.5,39.5,,eric,2007-06-04 20:41:23,,0000-00-00 00:00:00,5.0,0
438,3036521,1000438,35.5,40.0,,eric,2007-06-04 20:41:24,,0000-00-00 00:00:00,4.5,0
439,3036522,1000439,32.5,37.0,,eric,2007-06-04 20:41:25,,0000-00-00 00:00:00,4.5,0
440,3036523,1000440,34.5,39.5,,eric,2007-06-04 20:41:26,,0000-00-00 00:00:00,5.0,0
441,3036524,1000441,34.0,39.0,,eric,2007-06-04 20:41:27,,0000-00-00 00:00:00,5.0,0
442,3036525,1000442,42.0,47.5,,eric,2007-06-04 20:41:29,,0000-00-00 00:00:00,5.5,0
443,3036526,1000443,42.0,47.0,,eric,2007-06-04 20:41:30,,0000-00-00 00:00:00,5.0,0
444,3036527,1000444,39.0,45.0,,eric,2007-06-04 20:41:32,,0000-00-00 00:00:00,6.0,0
445,3036528,1000445,42.0,47.5,,eric,2007-06-04 20:41:33,,0000-00-00 00:00:00,5.5,0
446,3036529,1000446,43.5,49.0,,eric,2007-06-04 20:41:35,,0000-00-00 00:00:00,5.5,0
447,3036530,1000447,44.5,53.5,,eric,2007-06-04 20:41:37,,0000-00-00 00:00:00,9.0,0
448,3036531,1000448,38.0,44.0,,eric,2007-06-04 20:41:38,,0000-00-00 00:00:00,6.0,0
449,3036532,1000449,47.5,55.5,,eric,2007-06-04 20:41:40,,0000-00-00 00:00:00,8.0,0
450,3036533,1000450,39.0,47.5,,eric,2007-06-04 20:41:42,,0000-00-00 00:00:00,8.5,0
451,3036533,1000451,39.0,47.5,,eric,2007-06-04 20:41:42,,0000-00-00 00:00:00,8.5,0
452,3036534,1000452,43.0,47.5,,eric,2007-06-04 20:41:43,,0000-00-00 00:00:00,4.5,0
453,3036535,1000453,29.5,48.0,,eric,2007-06-04 20:41:45,,0000-00-00 00:00:00,18.5,0
454,3036536,1000454,44.0,51.5,,eric,2007-06-04 20:41:46,,0000-00-00 00:00:00,7.5,0
455,3036537,1000455,40.0,48.5,,eric,2007-06-04 20:41:48,,0000-00-00 00:00:00,8.5,0
456,3036538,1000456,41.0,49.5,,eric,2007-06-04 20:41:50,,0000-00-00 00:00:00,8.5,0
457,3036539,1000457,38.0,46.5,,eric,2007-06-04 20:41:55,,0000-00-00 00:00:00,8.5,0
458,3036540,1000458,44.5,53.0,,eric,2007-06-04 20:41:57,,0000-00-00 00:00:00,8.5,0
459,3036541,1000459,38.5,47.0,,eric,2007-06-04 20:41:57,,0000-00-00 00:00:00,8.5,0
460,3036542,1000460,47.0,54.5,,eric,2007-06-04 20:41:58,,0000-00-00 00:00:00,7.5,0
461,3036543,1000461,38.5,47.0,,eric,2007-06-04 20:41:59,,0000-00-00 00:00:00,8.5,0
462,3036544,1000462,41.0,49.0,,eric,2007-06-04 20:41:59,,0000-00-00 00:00:00,8.0,0
463,3036545,1000463,36.5,44.5,,eric,2007-06-04 20:42:00,,0000-00-00 00:00:00,8.0,0
464,3036546,1000464,46.5,53.5,,eric,2007-06-04 20:42:01,,0000-00-00 00:00:00,7.0,0
465,3036547,1000465,42.5,51.0,,eric,2007-06-04 20:42:02,,0000-00-00 00:00:00,8.5,0
466,3036548,1000466,41.0,49.5,,eric,2007-06-04 20:42:03,,0000-00-00 00:00:00,8.5,0
467,3036549,1000467,45.0,54.0,,eric,2007-06-04 20:42:03,,0000-00-00 00:00:00,9.0,0
468,3036550,1000468,40.5,49.0,,eric,2007-06-04 20:42:04,,0000-00-00 00:00:00,8.5,0
469,3036551,1000469,34.5,42.5,,eric,2007-06-04 20:42:05,,0000-00-00 00:00:00,8.0,0
470,3036552,1000470,41.0,51.0,,eric,2007-06-04 20:42:06,,0000-00-00 00:00:00,10.0,0
471,3036553,1000471,45.0,54.5,,eric,2007-06-04 20:42:06,,0000-00-00 00:00:00,9.5,0
472,3036554,1000472,40.5,49.0,,eric,2007-06-04 20:42:07,,0000-00-00 00:00:00,8.5,0
473,3036555,1000473,47.0,56.0,,eric,2007-06-04 20:42:08,,0000-00-00 00:00:00,9.0,0
474,3036556,1000474,44.0,51.5,,eric,2007-06-04 20:42:08,,0000-00-00 00:00:00,7.5,0
475,3036557,1000475,45.5,53.0,,eric,2007-06-04 20:42:09,,0000-00-00 00:00:00,7.5,0
476,3036558,1000476,44.5,48.5,,eric,2007-06-04 20:42:10,,0000-00-00 00:00:00,4.0,0
477,3036559,1000477,39.0,46.5,,eric,2007-06-04 20:42:11,,0000-00-00 00:00:00,7.5,0
478,3036560,1000478,39.5,48.0,,eric,2007-06-04 20:42:11,,0000-00-00 00:00:00,8.5,0
479,3036561,1000479,43.0,51.5,,eric,2007-06-04 20:42:13,,0000-00-00 00:00:00,8.5,0
480,3036563,1000480,43.5,52.0,,eric,2007-06-04 20:42:22,,0000-00-00 00:00:00,8.5,0
481,3036565,1000481,39.0,47.5,,eric,2007-06-04 20:42:25,,0000-00-00 00:00:00,8.5,0
482,3036566,1000482,41.5,50.0,,eric,2007-06-04 20:42:26,,0000-00-00 00:00:00,8.5,0
483,3036567,1000483,46.0,54.0,,eric,2007-06-04 20:42:28,,0000-00-00 00:00:00,8.0,0
484,3036568,1000484,46.5,55.5,,eric,2007-06-04 20:42:29,,0000-00-00 00:00:00,9.0,0
485,3036569,1000485,40.0,48.5,,eric,2007-06-04 20:42:35,,0000-00-00 00:00:00,8.5,0
486,3036570,1000486,43.0,51.0,,eric,2007-06-04 20:42:39,,0000-00-00 00:00:00,8.0,0
487,3036571,1000487,44.5,53.0,,eric,2007-06-04 20:42:41,,0000-00-00 00:00:00,8.5,0
488,3036572,1000488,49.0,57.0,,eric,2007-06-04 20:42:42,,0000-00-00 00:00:00,8.0,0
489,3036573,1000489,41.5,49.5,,eric,2007-06-04 20:42:44,,0000-00-00 00:00:00,8.0,0
490,3036574,1000490,39.0,40.5,,eric,2007-06-04 20:42:45,,0000-00-00 00:00:00,1.5,0
491,3036575,1000491,43.0,51.0,,eric,2007-06-04 20:42:47,,0000-00-00 00:00:00,8.0,0
492,3036576,1000492,44.0,52.5,,eric,2007-06-04 20:42:49,,0000-00-00 00:00:00,8.5,0
